year,seb_melt_m_we,era5_melt_m_we,snowfall_m_we,T_C
1941,0.434281,0.0492376,2.14585,-9.93835
1942,0.404998,0.0218522,1.65179,-11.2979
1943,0.219643,0.028763,1.36606,-13.5466
1944,0.545005,0.0488808,1.51171,-12.7672
1945,0.395063,0.0489584,1.99522,-11.3195
1946,0.266908,0.0620304,2.25229,-10.6822
1947,0.39932,0.0427025,1.7939,-12.1386
1948,0.447393,0.0166592,1.54364,-12.877
1949,0.574793,0.108767,1.39815,-13.2895
1950,0.711482,0.0217363,1.06752,-11.0268
1951,0.538078,0.056136,1.18018,-11.6643
1952,0.502918,0.0607855,1.24315,-10.4705
1953,0.550955,0.0287813,1.31644,-11.7096
1954,0.418721,0.0403712,1.59397,-11.5039
1955,0.270249,0.0383725,1.38767,-11.9269
1956,0.428608,0.0127823,1.8094,-11.6849
1957,0.451892,0.0526394,1.28395,-12.2047
1958,0.470185,0.0582931,1.61684,-11.6741
1959,0.360112,0.0348067,1.62268,-11.5846
1960,0.374739,0.0358685,1.83893,-10.8424
1961,0.358548,0.0370911,1.19084,-11.915
1962,0.380334,0.0137978,1.40848,-12.3088
1963,0.298465,0.0354176,1.48178,-12.0615
1964,0.251124,0.0212745,2.01584,-11.2246
1965,0.487547,0.028372,1.46647,-11.29
1966,0.537277,0.0320347,0.811512,-13.1016
1967,0.474935,0.0089829,1.20875,-11.7973
1968,0.812364,0.118745,1.18268,-10.5163
1969,0.663694,0.0497913,1.02393,-11.5939
1970,0.660028,0.038755,1.39492,-10.4938
1971,0.437465,0.00935708,0.935963,-12.7781
1972,0.390608,0.0217995,2.22968,-11.1521
1973,0.579379,0.0956056,1.23068,-11.9472
1974,0.573391,0.0162376,1.40063,-11.0158
1975,0.537192,0.0809415,1.69044,-11.3795
1976,0.57952,0.055409,2.00729,-10.7079
1977,0.37515,0.11098,1.35339,-11.4329
1978,0.575167,0.101018,1.58512,-10.6965
1979,0.391442,0.012434,1.2365,-12.0891
1980,0.434427,0.0653782,1.48551,-10.7648
1981,0.620583,0.0482994,1.07548,-12.4816
1982,0.57474,0.0505531,1.16175,-11.8062
1983,0.407923,0.0245763,1.30998,-12.82
1984,0.542274,0.102726,1.73577,-11.7191
1985,0.470574,0.0255369,1.30258,-10.7068
1986,0.393836,0.0168159,1.39535,-10.9973
1987,0.580975,0.0768603,1.90097,-9.95334
1988,0.632079,0.0661643,1.08362,-11.5794
1989,0.769654,0.10109,1.30361,-11.5135
1990,0.607179,0.0888674,1.36195,-11.6811
1991,0.651225,0.0829521,1.59469,-11.2226
1992,0.222496,0.00588918,1.46001,-12.2461
1993,0.500549,0.0471401,1.48067,-11.8518
1994,0.330824,0.0221301,0.959065,-11.8193
1995,0.477757,0.0760852,1.25785,-11.5262
1996,0.438847,0.0467147,1.76181,-9.93898
1997,0.547381,0.0848649,1.43812,-10.9116
1998,0.706114,0.0605315,1.235,-10.6048
1999,0.45064,0.0195833,1.37429,-11.0789
2000,0.380368,0.0382878,1.37009,-10.6819
2001,0.409518,0.0295915,1.65803,-10.3923
2002,0.816452,0.150527,1.9342,-9.83717
2003,0.557266,0.0270237,1.69959,-9.60247
2004,0.689467,0.0914889,1.31569,-10.1938
2005,0.624197,0.138164,1.49115,-10.0947
2006,0.540462,0.118955,1.15572,-10.7208
2007,0.719894,0.0506893,1.38655,-10.3506
2008,0.512132,0.039522,1.40724,-10.8277
2009,0.532912,0.0458278,1.30985,-10.9848
2010,0.811165,0.178124,1.33331,-8.55516
2011,0.567174,0.069181,1.12829,-11.6619
2012,0.826964,0.0588311,1.1611,-9.6724
2013,0.537394,0.0437789,1.36475,-10.8352
2014,0.495455,0.0260633,1.71504,-10.0517
2015,0.624742,0.0271143,1.42812,-11.1593
2016,0.862531,0.0923272,1.47139,-8.7437
2017,0.592419,0.065686,1.4011,-9.86825
2018,0.519903,0.0540244,1.55183,-10.4619
2019,0.572222,0.0906011,1.61913,-9.8718
2020,0.426847,0.0404183,1.55977,-10.6578
2021,0.619728,0.194013,1.37043,-9.81203
2022,0.405511,0.0274184,1.47108,-9.56929
2023,0.619753,0.119483,1.43949,-10.6734
2024,0.481233,0.0941209,1.45615,-10.719
