time,year,month,t2m_K,snowfall_m_we_month,snowmelt_m_we_month,evap_m_we_month
1990-01-01,1990,1,255.6289825439453,0.11986684799194336,0.0,-0.0004978515207767487
1990-02-01,1990,2,253.09324645996094,0.0789337158203125,0.0,-0.0008229911327362061
1990-03-01,1990,3,250.7999725341797,0.06076860427856445,0.0,-0.0022068992257118225
1990-04-01,1990,4,254.906494140625,0.05347251892089844,0.0,-0.004976727068424225
1990-05-01,1990,5,267.885986328125,0.06564664840698242,0.0,-0.004206273704767227
1990-06-01,1990,6,271.283935546875,0.13495445251464844,0.017824172973632812,-0.0056596845388412476
1990-07-01,1990,7,271.7735595703125,0.03485584259033203,0.048366546630859375,-0.006570231169462204
1990-08-01,1990,8,271.5523681640625,0.06681442260742188,0.03333330154418945,-0.005694746971130371
1990-09-01,1990,9,263.755126953125,0.14747142791748047,0.0,-0.009295083582401276
1990-10-01,1990,10,261.53466796875,0.17769384384155273,0.0,-0.0016780979931354523
1990-11-01,1990,11,262.093017578125,0.245361328125,0.0,-0.001127980649471283
1990-12-01,1990,12,255.8017120361328,0.1627345085144043,0.0,-0.003943432122468948
1991-01-01,1991,1,255.72789001464844,0.2520618438720703,0.0,-2.9910355806350708e-05
1991-02-01,1991,2,258.785888671875,0.266815185546875,0.0,0.0010074079036712646
1991-03-01,1991,3,256.9564208984375,0.10875082015991211,0.0,-0.0026144422590732574
1991-04-01,1991,4,256.4359130859375,0.025262832641601562,0.0,-0.004796572029590607
1991-05-01,1991,5,266.5762939453125,0.26190662384033203,0.0008130073547363281,-0.00429900735616684
1991-06-01,1991,6,270.77099609375,0.005199909210205078,0.0057506561279296875,-0.005457960069179535
1991-07-01,1991,7,272.5166015625,0.04110121726989746,0.06441974639892578,-0.0031395480036735535
1991-08-01,1991,8,269.9283447265625,0.08835172653198242,0.017516613006591797,-0.01132170483469963
1991-09-01,1991,9,265.8779296875,0.035462379455566406,5.7220458984375e-05,-0.004885755479335785
1991-10-01,1991,10,261.240234375,0.15130066871643066,0.0,-0.0031938254833221436
1991-11-01,1991,11,255.07789611816406,0.03577709197998047,0.0,-0.004475489258766174
1991-12-01,1991,12,256.4580078125,0.3144416809082031,0.0,0.00018916279077529907
1992-01-01,1992,1,255.12062072753906,0.27748680114746094,0.0,-0.00020498409867286682
1992-02-01,1992,2,253.83282470703125,0.15141963958740234,0.0,-0.001431874930858612
1992-03-01,1992,3,255.96693420410156,0.08725786209106445,0.0,-0.0020998455584049225
1992-04-01,1992,4,257.7303466796875,0.10223865509033203,0.0,-0.0030503422021865845
1992-05-01,1992,5,262.96923828125,0.16478919982910156,0.0,-0.004966851323843002
1992-06-01,1992,6,268.72607421875,0.09461402893066406,0.0,-0.011334121227264404
1992-07-01,1992,7,270.46875,0.026844024658203125,0.0012121200561523438,-0.00992550328373909
1992-08-01,1992,8,268.74072265625,0.015727996826171875,0.0,-0.005858965218067169
1992-09-01,1992,9,264.765625,0.13907432556152344,0.0,-0.0023910775780677795
1992-10-01,1992,10,265.2197265625,0.14297103881835938,0.0021581649780273438,-0.0075696296989917755
1992-11-01,1992,11,257.78533935546875,0.09919166564941406,0.0,-0.0019896402955055237
1992-12-01,1992,12,252.88868713378906,0.11726522445678711,0.0,-0.00265590101480484
1993-01-01,1993,1,251.35595703125,0.08923864364624023,0.0,-0.0019319318234920502
1993-02-01,1993,2,251.8658905029297,0.21206092834472656,0.0,-0.0011362284421920776
1993-03-01,1993,3,255.20623779296875,0.20379877090454102,0.0,-0.0021585114300251007
1993-04-01,1993,4,260.212158203125,0.06998062133789062,0.0,-0.0049425289034843445
1993-05-01,1993,5,265.05908203125,0.03473019599914551,0.0,-0.007225949317216873
1993-06-01,1993,6,269.8416748046875,0.022001266479492188,0.005106925964355469,-0.007208101451396942
1993-07-01,1993,7,270.783935546875,0.00799703598022461,0.0021877288818359375,-0.006125271320343018
1993-08-01,1993,8,270.4154052734375,0.07772350311279297,0.034737586975097656,-0.008474677801132202
1993-09-01,1993,9,268.0626220703125,0.18291234970092773,0.014941692352294922,-0.003179982304573059
1993-10-01,1993,10,263.504150390625,0.19637823104858398,0.0,-0.0025659389793872833
1993-11-01,1993,11,258.01300048828125,0.29922008514404297,0.0,-0.0021989643573760986
1993-12-01,1993,12,254.60855102539062,0.06470060348510742,0.0,-0.0022903941571712494
1994-01-01,1994,1,252.11119079589844,0.0756983757019043,0.0,-0.000860702246427536
1994-02-01,1994,2,257.285888671875,0.1308441162109375,0.0,-0.0005380213260650635
1994-03-01,1994,3,255.0455780029297,0.07988166809082031,0.0,-0.002843216061592102
1994-04-01,1994,4,261.97607421875,0.084228515625,0.0,-0.003964863717556
1994-05-01,1994,5,266.9683837890625,0.05793046951293945,0.0,-0.00785268098115921
1994-06-01,1994,6,268.2491455078125,0.04918098449707031,0.0008440017700195312,-0.009225010871887207
1994-07-01,1994,7,271.6387939453125,0.027967453002929688,0.005587577819824219,-0.00717351958155632
1994-08-01,1994,8,271.35107421875,0.10103464126586914,0.02237987518310547,-0.008014127612113953
1994-09-01,1994,9,265.10986328125,0.08625984191894531,0.0,-0.0083903968334198
1994-10-01,1994,10,258.32275390625,0.025365829467773438,0.0,-0.0044920966029167175
1994-11-01,1994,11,257.62969970703125,0.12067794799804688,0.0,-0.000973530113697052
1994-12-01,1994,12,252.99826049804688,0.10090160369873047,0.0,-0.0021530836820602417
1995-01-01,1995,1,250.6629638671875,0.05708789825439453,0.0,-0.001817949116230011
1995-02-01,1995,2,254.48033142089844,0.0742340087890625,0.0,-0.0011422783136367798
1995-03-01,1995,3,253.77450561523438,0.0913081169128418,0.0,-0.003230433911085129
1995-04-01,1995,4,258.80517578125,0.041871070861816406,0.0,-0.004089027643203735
1995-05-01,1995,5,266.6876220703125,0.07965993881225586,0.0,-0.009066995233297348
1995-06-01,1995,6,271.28076171875,0.12054920196533203,0.009098052978515625,-0.007424689829349518
1995-07-01,1995,7,271.940673828125,0.030968189239501953,0.023872852325439453,-0.00951969251036644
1995-08-01,1995,8,271.314697265625,0.12764954566955566,0.046858787536621094,-0.004834737628698349
1995-09-01,1995,9,265.764404296875,0.17382144927978516,0.0,-0.008968636393547058
1995-10-01,1995,10,257.84869384765625,0.03934955596923828,0.0,-0.0027328133583068848
1995-11-01,1995,11,262.4345703125,0.1481008529663086,0.0,-0.0020110979676246643
1995-12-01,1995,12,257.03692626953125,0.23450088500976562,0.0,-0.000954706221818924
1996-01-01,1996,1,257.3250732421875,0.18935680389404297,0.0,-0.0006741955876350403
1996-02-01,1996,2,258.23223876953125,0.21648168563842773,0.0,-0.003092888742685318
1996-03-01,1996,3,261.578857421875,0.273806095123291,0.0,-0.002021200954914093
1996-04-01,1996,4,262.521240234375,0.03486156463623047,0.0,-0.0060783326625823975
1996-05-01,1996,5,266.596435546875,0.10536575317382812,0.0,-0.005714148283004761
1996-06-01,1996,6,270.03466796875,0.03659248352050781,0.017824172973632812,-0.0051964446902275085
1996-07-01,1996,7,270.2745361328125,0.0655210018157959,0.019593477249145508,-0.00952419638633728
1996-08-01,1996,8,269.26513671875,0.0931706428527832,0.0009312629699707031,-0.005205325782299042
1996-09-01,1996,9,269.2734375,0.2814817428588867,0.011816024780273438,-0.002884380519390106
1996-10-01,1996,10,261.092041015625,0.04616403579711914,0.0,-0.006530966609716415
1996-11-01,1996,11,257.013427734375,0.1453399658203125,0.0,-0.0045404210686683655
1996-12-01,1996,12,258.1995849609375,0.27691030502319336,0.0,-0.0004329495131969452
1997-01-01,1997,1,254.83819580078125,0.21770858764648438,0.0,-0.0004277527332305908
1997-02-01,1997,2,253.7649688720703,0.0550079345703125,0.0,-0.0018246620893478394
1997-03-01,1997,3,254.13365173339844,0.07368803024291992,0.0,-0.0029367581009864807
1997-04-01,1997,4,262.175048828125,0.146484375,0.0,-0.004166252911090851
1997-05-01,1997,5,266.1429443359375,0.058300018310546875,0.0,-0.006218120455741882
1997-06-01,1997,6,270.3101806640625,0.008726119995117188,0.003719329833984375,-0.010647810995578766
1997-07-01,1997,7,272.4683837890625,0.07828521728515625,0.06980037689208984,-0.005862083286046982
1997-08-01,1997,8,270.2691650390625,0.10032510757446289,0.029430866241455078,-0.007759023457765579
1997-09-01,1997,9,265.0458984375,0.1444244384765625,0.0,-0.00642780214548111
1997-10-01,1997,10,262.66796875,0.10440492630004883,0.0,-0.004927933216094971
1997-11-01,1997,11,258.7095947265625,0.11959075927734375,0.0,-0.001095794141292572
1997-12-01,1997,12,259.0849609375,0.2723426818847656,0.0,-0.0003821365535259247
1998-01-01,1998,1,256.5934753417969,0.11243152618408203,0.0,-0.0020542293787002563
1998-02-01,1998,2,252.8018035888672,0.110015869140625,0.0,-0.00262470543384552
1998-03-01,1998,3,253.4122314453125,0.1522836685180664,0.0,-0.003951285034418106
1998-04-01,1998,4,263.900146484375,0.1151275634765625,0.0,-0.004462972283363342
1998-05-01,1998,5,268.336669921875,0.10248327255249023,0.0018329620361328125,-0.008131228387355804
1998-06-01,1998,6,270.6209716796875,0.015184879302978516,0.0139617919921875,-0.004936382174491882
1998-07-01,1998,7,272.3983154296875,0.022971153259277344,0.024390220642089844,-0.007580369710922241
1998-08-01,1998,8,271.5235595703125,0.10937166213989258,0.026858806610107422,-0.006651300936937332
1998-09-01,1998,9,263.389404296875,0.026650428771972656,0.0068950653076171875,-0.0034376978874206543
1998-10-01,1998,10,259.16552734375,0.08535099029541016,0.0,-0.0041843317449092865
1998-11-01,1998,11,261.087890625,0.16676902770996094,0.0,-0.0023393332958221436
1998-12-01,1998,12,259.164306640625,0.1465778350830078,0.0,-0.0019273124635219574
1999-01-01,1999,1,256.2921447753906,0.1754469871520996,0.0,-0.0007546879351139069
1999-02-01,1999,2,254.1783447265625,0.09777259826660156,0.0,-0.0025230050086975098
1999-03-01,1999,3,255.01605224609375,0.020177364349365234,0.0,-0.0036902911961078644
1999-04-01,1999,4,262.2373046875,0.09196758270263672,0.0,-0.004365183413028717
1999-05-01,1999,5,266.4515380859375,0.15074634552001953,0.0,-0.006823834031820297
1999-06-01,1999,6,269.35400390625,0.10106563568115234,0.0,-0.008086077868938446
1999-07-01,1999,7,271.3089599609375,0.007213592529296875,0.007767915725708008,-0.005712069571018219
1999-08-01,1999,8,270.9908447265625,0.0965113639831543,0.010332584381103516,-0.0044783540070056915
1999-09-01,1999,9,265.584228515625,0.061812400817871094,0.0,-0.008807703852653503
1999-10-01,1999,10,262.83203125,0.20226144790649414,0.0,-0.00255531445145607
1999-11-01,1999,11,257.73358154296875,0.2465200424194336,0.0,-0.0030056387186050415
1999-12-01,1999,12,255.35903930664062,0.09021425247192383,0.0,-0.0022759586572647095
2000-01-01,2000,1,257.8321533203125,0.1584033966064453,0.0,-0.0022789612412452698
2000-02-01,2000,2,255.99490356445312,0.11471939086914062,0.0,-0.0017770417034626007
2000-03-01,2000,3,254.76800537109375,0.13729476928710938,0.0,-0.004412297159433365
2000-04-01,2000,4,262.945068359375,0.17515182495117188,0.0,-0.004786290228366852
2000-05-01,2000,5,266.5311279296875,0.16093850135803223,0.0,-0.008534729480743408
2000-06-01,2000,6,268.302490234375,0.021228790283203125,0.0,-0.006146617233753204
2000-07-01,2000,7,271.05419921875,0.046326637268066406,0.017294883728027344,-0.010874781757593155
2000-08-01,2000,8,271.4263916015625,0.02156686782836914,0.029438257217407227,-0.009420029819011688
2000-09-01,2000,9,267.07958984375,0.19080162048339844,0.0011587142944335938,-0.0031977519392967224
2000-10-01,2000,10,261.080322265625,0.07683658599853516,0.0,-0.0033615082502365112
2000-11-01,2000,11,259.284423828125,0.11798858642578125,0.0,-0.004933252930641174
2000-12-01,2000,12,256.33349609375,0.06818914413452148,0.0,-0.001177128404378891
2001-01-01,2001,1,257.90960693359375,0.2492976188659668,0.0,0.000539194792509079
2001-02-01,2001,2,255.53988647460938,0.16848182678222656,0.0,-0.0016718506813049316
2001-03-01,2001,3,255.86941528320312,0.10934209823608398,0.0,-0.0038982778787612915
2001-04-01,2001,4,260.265380859375,0.07638931274414062,0.0,-0.0026280060410499573
2001-05-01,2001,5,266.8084716796875,0.07614922523498535,0.0,-0.00936136394739151
2001-06-01,2001,6,270.916015625,0.06650447845458984,0.02693653106689453,-0.008508190512657166
2001-07-01,2001,7,269.7554931640625,0.029016971588134766,0.0006799697875976562,-0.006436731666326523
2001-08-01,2001,8,270.6029052734375,0.051914215087890625,0.008906126022338867,-0.004922159016132355
2001-09-01,2001,9,267.733154296875,0.18698930740356445,0.0,-0.006923452019691467
2001-10-01,2001,10,262.1142578125,0.04833698272705078,0.0,-0.004045866429805756
2001-11-01,2001,11,256.58697509765625,0.22560596466064453,0.0,-0.006418637931346893
2001-12-01,2001,12,261.105224609375,0.36456727981567383,0.0,-0.0005837716162204742
2002-01-01,2002,1,256.2177734375,0.2313671112060547,0.0,-0.0009129010140895844
2002-02-01,2002,2,250.6337890625,0.11203193664550781,0.0,-0.0016387850046157837
2002-03-01,2002,3,256.19805908203125,0.11717653274536133,0.0,-0.0018774233758449554
2002-04-01,2002,4,260.41455078125,0.10748863220214844,0.0,-0.004288293421268463
2002-05-01,2002,5,268.0462646484375,0.09422755241394043,0.00013303756713867188,-0.004816029220819473
2002-06-01,2002,6,273.3037109375,0.09505033493041992,0.09188175201416016,-0.0033513084053993225
2002-07-01,2002,7,273.0408935546875,0.056733131408691406,0.04527711868286133,-0.0066622719168663025
2002-08-01,2002,8,269.183837890625,0.0803990364074707,0.002483367919921875,-0.005681812763214111
2002-09-01,2002,9,268.4029541015625,0.2192831039428711,0.03742218017578125,-0.002991780638694763
2002-10-01,2002,10,262.29638671875,0.2185068130493164,0.0,-0.0027313120663166046
2002-11-01,2002,11,263.2578125,0.15422344207763672,0.0,-0.0010686367750167847
2002-12-01,2002,12,261.423828125,0.3168067932128906,0.0,-3.995746374130249e-05
2003-01-01,2003,1,258.0074768066406,0.21838855743408203,0.0,-0.0015892907977104187
2003-02-01,2003,2,259.347412109375,0.21816253662109375,0.0,-0.001083657145500183
2003-03-01,2003,3,259.375,0.25368785858154297,0.0,-0.0009523965418338776
2003-04-01,2003,4,262.56005859375,0.3444242477416992,0.0,-0.0014833733439445496
2003-05-01,2003,5,266.006103515625,0.09228372573852539,0.0,-0.006346885114908218
2003-06-01,2003,6,270.0655517578125,0.019140243530273438,0.0031328201293945312,-0.006085149943828583
2003-07-01,2003,7,270.673828125,0.030155181884765625,0.0029120445251464844,-0.006880190223455429
2003-08-01,2003,8,272.036376953125,0.025188446044921875,0.020310401916503906,-0.0035503245890140533
2003-09-01,2003,9,267.924560546875,0.03600597381591797,0.0017881393432617188,-0.008998699486255646
2003-10-01,2003,10,264.895751953125,0.1532001495361328,0.0,-0.008314963430166245
2003-11-01,2003,11,259.15576171875,0.1009511947631836,0.0,-0.003065764904022217
2003-12-01,2003,12,254.8520050048828,0.1414632797241211,0.0,-0.001504063606262207
2004-01-01,2004,1,256.10369873046875,0.044818878173828125,0.0,-0.0029152780771255493
2004-02-01,2004,2,257.3788757324219,0.20920801162719727,0.0,-0.001000281423330307
2004-03-01,2004,3,260.74609375,0.32625246047973633,0.0,-0.002177797257900238
2004-04-01,2004,4,262.15966796875,0.05053997039794922,0.0,-0.006256029009819031
2004-05-01,2004,5,267.29833984375,0.06759047508239746,0.003917217254638672,-0.005632616579532623
2004-06-01,2004,6,272.6336669921875,0.009999275207519531,0.020885467529296875,-0.005934946238994598
2004-07-01,2004,7,272.87841796875,0.11196589469909668,0.07300806045532227,-0.006018795073032379
2004-08-01,2004,8,270.8741455078125,0.08362889289855957,0.009615659713745117,-0.005002766847610474
2004-09-01,2004,9,266.96923828125,0.13923168182373047,0.0,-0.003599412739276886
2004-10-01,2004,10,261.65234375,0.07810044288635254,0.0,-0.007444906979799271
2004-11-01,2004,11,257.881103515625,0.1275014877319336,0.0,-0.0046869367361068726
2004-12-01,2004,12,252.1641082763672,0.06186246871948242,0.0,-0.00429554283618927
2005-01-01,2005,1,256.72088623046875,0.2541017532348633,0.0,-0.0017634406685829163
2005-02-01,2005,2,258.81951904296875,0.14179229736328125,0.0,-0.00509566068649292
2005-03-01,2005,3,262.3046875,0.2020101547241211,0.0,-0.001793697476387024
2005-04-01,2005,4,262.466796875,0.15622615814208984,0.0,-0.004221685230731964
2005-05-01,2005,5,266.2740478515625,0.010805606842041016,0.0022172927856445312,-0.007119473069906235
2005-06-01,2005,6,270.86083984375,0.11046409606933594,0.016465187072753906,-0.0048860907554626465
2005-07-01,2005,7,273.6715087890625,0.08518099784851074,0.12239456176757812,-0.006963569670915604
2005-08-01,2005,8,270.2376708984375,0.08035469055175781,0.017812252044677734,-0.005032215267419815
2005-09-01,2005,9,260.8134765625,0.016264915466308594,0.0,-0.005468912422657013
2005-10-01,2005,10,259.0087890625,0.06138944625854492,0.0,-0.0027197636663913727
2005-11-01,2005,11,260.537841796875,0.14636993408203125,0.0,-0.002723895013332367
2005-12-01,2005,12,257.5907287597656,0.1887950897216797,0.0,-0.0012868382036685944
2006-01-01,2006,1,253.56472778320312,0.14081287384033203,0.0,-0.0020261667668819427
2006-02-01,2006,2,258.5667724609375,0.13698577880859375,0.0,-0.00030572712421417236
2006-03-01,2006,3,257.92474365234375,0.08062076568603516,0.0,-0.0019060634076595306
2006-04-01,2006,4,258.27301025390625,0.041069984436035156,0.0,-0.00687427818775177
2006-05-01,2006,5,266.0078125,0.052387237548828125,0.0,-0.00559161975979805
2006-06-01,2006,6,270.6109619140625,0.06491661071777344,0.006351470947265625,-0.00838402658700943
2006-07-01,2006,7,272.2666015625,0.06115293502807617,0.035402774810791016,-0.008090808987617493
2006-08-01,2006,8,272.4969482421875,0.07527709007263184,0.10464143753051758,-0.00510266050696373
2006-09-01,2006,9,267.914794921875,0.1224374771118164,0.0,-0.0037738680839538574
2006-10-01,2006,10,260.223876953125,0.022217273712158203,0.0,-0.004319678992033005
2006-11-01,2006,11,254.46005249023438,0.04900932312011719,0.0,-0.004605352878570557
2006-12-01,2006,12,259.400146484375,0.2752399444580078,0.0,-0.0017204806208610535
2007-01-01,2007,1,255.6077423095703,0.11300802230834961,0.0,-0.002410613000392914
2007-02-01,2007,2,257.99072265625,0.06898689270019531,0.0,-0.0014761686325073242
2007-03-01,2007,3,256.97491455078125,0.09498882293701172,0.0,-0.0036473311483860016
2007-04-01,2007,4,261.431396484375,0.1917886734008789,0.0,-0.00482361763715744
2007-05-01,2007,5,264.75927734375,0.03525495529174805,0.0,-0.004003599286079407
2007-06-01,2007,6,273.60595703125,0.06903648376464844,0.025577545166015625,-0.008957460522651672
2007-07-01,2007,7,272.5145263671875,0.015018463134765625,0.03197336196899414,-0.0040469057857990265
2007-08-01,2007,8,270.850341796875,0.06319284439086914,0.0028603076934814453,-0.006301499903202057
2007-09-01,2007,9,265.0361328125,0.13555526733398438,0.0,-0.007318742573261261
2007-10-01,2007,10,262.08642578125,0.12594223022460938,0.0,-0.005627419799566269
2007-11-01,2007,11,259.286376953125,0.20841121673583984,0.0,-0.003991350531578064
2007-12-01,2007,12,256.4830322265625,0.2464447021484375,0.0,-0.0003703571856021881
2008-01-01,2008,1,253.23939514160156,0.12366580963134766,0.0,-0.0017733722925186157
2008-02-01,2008,2,251.96017456054688,0.1407027244567871,0.0,-0.0009263865649700165
2008-03-01,2008,3,257.9170227050781,0.10439014434814453,0.0,-0.0021407268941402435
2008-04-01,2008,4,262.91650390625,0.08690357208251953,0.0,-0.005387328565120697
2008-05-01,2008,5,267.7952880859375,0.16101980209350586,0.0,-0.005466550588607788
2008-06-01,2008,6,270.6195068359375,0.024576187133789062,0.004792213439941406,-0.01149158924818039
2008-07-01,2008,7,272.03857421875,0.03532886505126953,0.03229856491088867,-0.006458904594182968
2008-08-01,2008,8,270.1229248046875,0.03241682052612305,0.0009756088256835938,-0.005955509841442108
2008-09-01,2008,9,267.5205078125,0.2282238006591797,0.0009441375732421875,-0.009118281304836273
2008-10-01,2008,10,260.373046875,0.08391714096069336,0.0,-0.006467796862125397
2008-11-01,2008,11,258.79742431640625,0.12913227081298828,0.0,-0.004846192896366119
2008-12-01,2008,12,257.2908935546875,0.2298297882080078,0.0,-0.0014015138149261475
2009-01-01,2009,1,257.69427490234375,0.08175897598266602,0.0,-0.0014426261186599731
2009-02-01,2009,2,254.40936279296875,0.08507537841796875,0.0,-0.0008929818868637085
2009-03-01,2009,3,255.1232452392578,0.11902427673339844,0.0,-0.002729233354330063
2009-04-01,2009,4,261.367431640625,0.16429424285888672,0.0,-0.00274021178483963
2009-05-01,2009,5,267.0179443359375,0.1423354148864746,0.0,-0.005233157426118851
2009-06-01,2009,6,270.3316650390625,0.03218650817871094,0.003719329833984375,-0.00593964010477066
2009-07-01,2009,7,272.301025390625,0.05022907257080078,0.050214290618896484,-0.004958882927894592
2009-08-01,2009,8,268.95068359375,0.012165546417236328,0.0022025108337402344,-0.004930358380079269
2009-09-01,2009,9,264.440185546875,0.09736061096191406,0.0,-0.005422309041023254
2009-10-01,2009,10,259.4677734375,0.13866949081420898,0.0,-0.002976715564727783
2009-11-01,2009,11,258.37567138671875,0.08219718933105469,0.0,-0.0019480660557746887
2009-12-01,2009,12,258.883056640625,0.2360086441040039,0.0,-0.0025818757712841034
2010-01-01,2010,1,261.955078125,0.22402048110961914,0.0,-0.002891257405281067
2010-02-01,2010,2,257.869140625,0.1667327880859375,0.0,-0.0018318593502044678
2010-03-01,2010,3,257.81182861328125,0.13680696487426758,0.0,-0.0011973381042480469
2010-04-01,2010,4,260.094970703125,0.030927658081054688,0.0,-0.005188509821891785
2010-05-01,2010,5,268.7601318359375,0.04607534408569336,0.0,-0.008474215865135193
2010-06-01,2010,6,272.238037109375,0.16559600830078125,0.03025531768798828,-0.006995983421802521
2010-07-01,2010,7,271.9090576171875,0.007014036178588867,0.014190673828125,-0.005494959652423859
2010-08-01,2010,8,272.701904296875,0.05469322204589844,0.0416259765625,-0.0056059397757053375
2010-09-01,2010,9,270.4368896484375,0.21643638610839844,0.1042628288269043,-0.002516806125640869
2010-10-01,2010,10,264.251953125,0.1598520278930664,0.002971172332763672,-0.003102824091911316
2010-11-01,2010,11,258.2442321777344,0.014505386352539062,0.0,-0.00217292457818985
2010-12-01,2010,12,260.5830078125,0.0960235595703125,0.0,-0.006759047508239746
2011-01-01,2011,1,255.73545837402344,0.08827781677246094,0.0,-0.0029547736048698425
2011-02-01,2011,2,257.8802490234375,0.16691970825195312,0.0,-0.0017223358154296875
2011-03-01,2011,3,251.59487915039062,0.05232810974121094,0.0,-0.004220824688673019
2011-04-01,2011,4,260.478759765625,0.2135181427001953,0.0,-0.0031843408942222595
2011-05-01,2011,5,264.34619140625,0.0638580322265625,0.0,-0.0051741451025009155
2011-06-01,2011,6,270.0528564453125,0.0052928924560546875,0.0034618377685546875,-0.007913634181022644
2011-07-01,2011,7,273.794677734375,0.06162595748901367,0.06453800201416016,-0.004891902208328247
2011-08-01,2011,8,269.522216796875,0.03945302963256836,0.01730966567993164,-0.0036827847361564636
2011-09-01,2011,9,268.274169921875,0.10190963745117188,2.86102294921875e-05,-0.0036538392305374146
2011-10-01,2011,10,259.83251953125,0.05383586883544922,0.0,-0.005758494138717651
2011-11-01,2011,11,259.72705078125,0.20123004913330078,0.0,-0.0007092207670211792
2011-12-01,2011,12,250.33274841308594,0.060517311096191406,0.0,-0.003152366727590561
2012-01-01,2012,1,258.0725402832031,0.1911306381225586,0.0,-0.0017253309488296509
2012-02-01,2012,2,256.9465637207031,0.16530323028564453,0.0,-0.0012407638132572174
2012-03-01,2012,3,258.79638671875,0.1845231056213379,0.0,-0.0022224895656108856
2012-04-01,2012,4,263.3287353515625,0.04699230194091797,0.0,-0.0036717206239700317
2012-05-01,2012,5,266.7471923828125,0.04783439636230469,0.0,-0.007940102368593216
2012-06-01,2012,6,271.8121337890625,0.0015163421630859375,0.003662109375,-0.007140934467315674
2012-07-01,2012,7,273.0570068359375,0.002498149871826172,0.03896522521972656,-0.005223110318183899
2012-08-01,2012,8,270.7391357421875,0.04243898391723633,0.014752388000488281,-0.004795704036951065
2012-09-01,2012,9,265.396728515625,0.04099845886230469,0.0,-0.009324811398983002
2012-10-01,2012,10,263.842041015625,0.09869909286499023,0.0,-0.006131276488304138
2012-11-01,2012,11,258.156494140625,0.09355545043945312,0.0,-0.003873668611049652
2012-12-01,2012,12,257.94091796875,0.20744991302490234,0.0,-0.0006565265357494354
2013-01-01,2013,1,259.22607421875,0.23108625411987305,0.0,-0.0006239600479602814
2013-02-01,2013,2,259.643798828125,0.2246379852294922,0.0,0.0003638267517089844
2013-03-01,2013,3,256.182861328125,0.12267541885375977,0.0,-0.002084832638502121
2013-04-01,2013,4,257.476806640625,0.03258705139160156,0.0,-0.005033612251281738
2013-05-01,2013,5,265.95556640625,0.15312623977661133,0.0,-0.008656103163957596
2013-06-01,2013,6,272.53173828125,0.08495807647705078,0.017824172973632812,-0.005878172814846039
2013-07-01,2013,7,272.197021484375,0.022158145904541016,0.03018474578857422,-0.00706646591424942
2013-08-01,2013,8,269.5538330078125,0.05461931228637695,0.0013451576232910156,-0.008773203939199448
2013-09-01,2013,9,265.723876953125,0.08793354034423828,0.0,-0.009382590651512146
2013-10-01,2013,10,259.763427734375,0.11028814315795898,0.0,-0.0022062063217163086
2013-11-01,2013,11,258.26483154296875,0.13401031494140625,0.0,-0.002906396985054016
2013-12-01,2013,12,253.7614288330078,0.05231332778930664,0.0,-0.002225954085588455
2014-01-01,2014,1,260.097412109375,0.2805318832397461,0.0,-0.0014453977346420288
2014-02-01,2014,2,257.97894287109375,0.1032867431640625,0.0,-0.001515805721282959
2014-03-01,2014,3,255.7309112548828,0.11900949478149414,0.0,-0.0016902238130569458
2014-04-01,2014,4,262.31201171875,0.2025890350341797,0.0,-0.003479495644569397
2014-05-01,2014,5,266.120361328125,0.04440498352050781,0.0,-0.00762563943862915
2014-06-01,2014,6,271.241455078125,0.1004934310913086,0.015621185302734375,-0.007580816745758057
2014-07-01,2014,7,271.5411376953125,0.0009534358978271484,0.0031337738037109375,-0.007037710398435593
2014-08-01,2014,8,271.119140625,0.05379152297973633,0.007730960845947266,-0.010087642818689346
2014-09-01,2014,9,267.411376953125,0.2473926544189453,0.0047206878662109375,-0.0046399980783462524
2014-10-01,2014,10,260.07861328125,0.012025117874145508,0.0,-0.005438603460788727
2014-11-01,2014,11,261.131591796875,0.3128814697265625,0.0,0.0006498768925666809
2014-12-01,2014,12,255.52149963378906,0.15546178817749023,0.0,-0.0038660578429698944
2015-01-01,2015,1,255.82525634765625,0.10951948165893555,0.0,-0.0027228817343711853
2015-02-01,2015,2,251.72132873535156,0.12482261657714844,0.0,-0.003053829073905945
2015-03-01,2015,3,257.703125,0.17197322845458984,0.0,-0.002874627709388733
2015-04-01,2015,4,259.402587890625,0.20572185516357422,0.0,-0.0033779069781303406
2015-05-01,2015,5,265.2080078125,0.15949726104736328,0.0,-0.006905827671289444
2015-06-01,2015,6,270.5701904296875,0.03426074981689453,0.005564689636230469,-0.005376935005187988
2015-07-01,2015,7,271.9501953125,0.0065631866455078125,0.011899471282958984,-0.004977937787771225
2015-08-01,2015,8,269.94287109375,0.010628223419189453,0.0019512176513671875,-0.006152063608169556
2015-09-01,2015,9,268.871826171875,0.2884483337402344,0.01632213592529297,-0.0032860413193702698
2015-10-01,2015,10,262.4521484375,0.1854543685913086,0.0,-0.0038346461951732635
2015-11-01,2015,11,257.8468017578125,0.048995018005371094,0.0,-0.0050224363803863525
2015-12-01,2015,12,255.54150390625,0.06561708450317383,0.0,-0.0022386573255062103
2016-01-01,2016,1,257.93011474609375,0.10088682174682617,0.0,-0.0016948431730270386
2016-02-01,2016,2,256.6517028808594,0.09269094467163086,0.0,-0.0012310408055782318
2016-03-01,2016,3,259.59228515625,0.15813732147216797,0.0,-0.0014293454587459564
2016-04-01,2016,4,265.504150390625,0.06742000579833984,0.0,-0.0064506009221076965
2016-05-01,2016,5,266.860107421875,0.061182498931884766,0.0,-0.007078938186168671
2016-06-01,2016,6,273.8917236328125,0.05861520767211914,0.06839275360107422,-0.004215314984321594
2016-07-01,2016,7,272.7518310546875,0.013599395751953125,0.016969680786132812,-0.005752604454755783
2016-08-01,2016,8,271.3367919921875,0.030169963836669922,0.015225410461425781,-0.0056637972593307495
2016-09-01,2016,9,266.42138671875,0.03705024719238281,0.0,-0.0046948716044425964
2016-10-01,2016,10,267.448974609375,0.4138798713684082,0.0,-0.003281131386756897
2016-11-01,2016,11,259.505126953125,0.18568038940429688,0.0,-0.005745068192481995
2016-12-01,2016,12,257.975341796875,0.17343664169311523,0.0,-0.0014325790107250214
2017-01-01,2017,1,256.2860107421875,0.17509222030639648,0.0,-0.0020959191024303436
2017-02-01,2017,2,260.4287109375,0.1900177001953125,0.0,-0.0005100667476654053
2017-03-01,2017,3,256.5765380859375,0.0634145736694336,0.0,-0.0021066591143608093
2017-04-01,2017,4,260.3125,0.19167423248291016,0.0,-0.003291293978691101
2017-05-01,2017,5,270.5003662109375,0.1269991397857666,0.0027494430541992188,-0.007364068180322647
2017-06-01,2017,6,270.2373046875,0.02421855926513672,0.004906654357910156,-0.006576105952262878
2017-07-01,2017,7,272.1287841796875,0.0803842544555664,0.04424238204956055,-0.006624855101108551
2017-08-01,2017,8,269.930419921875,0.04498147964477539,0.0014634132385253906,-0.006951328366994858
2017-09-01,2017,9,268.060302734375,0.09479999542236328,0.01567840576171875,-0.005577318370342255
2017-10-01,2017,10,265.137939453125,0.1301255226135254,0.0,-0.0037766732275485992
2017-11-01,2017,11,256.7511901855469,0.13275146484375,0.0,-0.0028058141469955444
2017-12-01,2017,12,256.24713134765625,0.07914257049560547,0.0,-0.003211725503206253
2018-01-01,2018,1,257.0362243652344,0.09526968002319336,0.0,-0.0022460483014583588
2018-02-01,2018,2,256.94390869140625,0.2285633087158203,0.0,-0.0017425715923309326
2018-03-01,2018,3,258.54180908203125,0.13067245483398438,0.0,-0.0024130381643772125
2018-04-01,2018,4,261.26904296875,0.1382589340209961,0.0,-0.0034698843955993652
2018-05-01,2018,5,263.12890625,0.19353270530700684,0.0,-0.005363769829273224
2018-06-01,2018,6,271.41748046875,0.07799148559570312,0.022401809692382812,-0.005725175142288208
2018-07-01,2018,7,272.6522216796875,0.0574796199798584,0.03424978256225586,-0.006734795868396759
2018-08-01,2018,8,270.0753173828125,0.05435323715209961,0.006430149078369141,-0.005930103361606598
2018-09-01,2018,9,265.674072265625,0.18363475799560547,0.0,-0.004192180931568146
2018-10-01,2018,10,259.268310546875,0.08810043334960938,0.0,-0.004579517990350723
2018-11-01,2018,11,260.28125,0.18988609313964844,0.0,-0.0009300559759140015
2018-12-01,2018,12,258.720703125,0.0705099105834961,0.0,-0.0016435682773590088
2019-01-01,2019,1,256.04638671875,0.20963764190673828,0.0,-0.00044877082109451294
2019-02-01,2019,2,257.4456481933594,0.15479660034179688,0.0,-0.0004213005304336548
2019-03-01,2019,3,254.95138549804688,0.0912933349609375,0.0,-0.0026799216866493225
2019-04-01,2019,4,266.6832275390625,0.3859233856201172,0.00018596649169921875,-0.003267824649810791
2019-05-01,2019,5,269.2406005859375,0.10446405410766602,0.0034885406494140625,-0.004819031804800034
2019-06-01,2019,6,271.4024658203125,0.059223175048828125,0.03310203552246094,-0.00705331563949585
2019-07-01,2019,7,272.802978515625,0.06328153610229492,0.06421279907226562,-0.004587601870298386
2019-08-01,2019,8,269.6845703125,0.008026599884033203,0.0013599395751953125,-0.003433685749769211
2019-09-01,2019,9,266.049072265625,0.12857437133789062,0.0031685829162597656,-0.0058227404952049255
2019-10-01,2019,10,261.669677734375,0.10219502449035645,0.0,-0.004021845757961273
2019-11-01,2019,11,260.703857421875,0.1423788070678711,0.0,-0.002557039260864258
2019-12-01,2019,12,255.2456817626953,0.09630441665649414,0.0,-0.0010536760091781616
2020-01-01,2020,1,254.13856506347656,0.12271976470947266,0.0,-0.004057992249727249
2020-02-01,2020,2,256.1173095703125,0.1448650360107422,0.0,-0.0014791935682296753
2020-03-01,2020,3,255.25436401367188,0.09456014633178711,0.0,-0.0032401345670223236
2020-04-01,2020,4,262.7783203125,0.26975154876708984,0.0,-0.004359260201454163
2020-05-01,2020,5,266.693359375,0.07668876647949219,0.0,-0.005868550390005112
2020-06-01,2020,6,272.0732421875,0.1925182342529297,0.03921031951904297,-0.006186403334140778
2020-07-01,2020,7,271.380126953125,0.006947517395019531,0.0030007362365722656,-0.008338984102010727
2020-08-01,2020,8,270.1788330078125,0.08495187759399414,0.007139682769775391,-0.007698625326156616
2020-09-01,2020,9,264.43994140625,0.1073598861694336,0.0,-0.0069538503885269165
2020-10-01,2020,10,265.4697265625,0.1730818748474121,0.0,-0.002814922481775284
2020-11-01,2020,11,257.4456787109375,0.20123004913330078,0.0,-0.0034211575984954834
2020-12-01,2020,12,257.131103515625,0.06774568557739258,0.0,-0.004754014313220978
2021-01-01,2021,1,257.41339111328125,0.11028814315795898,0.0,-0.002340860664844513
2021-02-01,2021,2,260.041015625,0.1714191436767578,0.0,-0.0007477849721908569
2021-03-01,2021,3,257.938232421875,0.23472261428833008,0.0,-0.0018770769238471985
2021-04-01,2021,4,263.339599609375,0.055389404296875,0.0,-0.00887509435415268
2021-05-01,2021,5,264.521728515625,0.1527271270751953,0.0,-0.003800809383392334
2021-06-01,2021,6,269.9337158203125,0.058536529541015625,0.011343955993652344,-0.009891539812088013
2021-07-01,2021,7,274.06298828125,0.07405757904052734,0.10323715209960938,-0.00926678255200386
2021-08-01,2021,8,273.2979736328125,0.10660743713378906,0.08059120178222656,-0.003991011530160904
2021-09-01,2021,9,263.508544921875,0.06297111511230469,0.018324851989746094,-0.006651654839515686
2021-10-01,2021,10,260.96337890625,0.05510711669921875,0.0,-0.005727775394916534
2021-11-01,2021,11,258.75262451171875,0.09139537811279297,0.0,-0.003183223307132721
2021-12-01,2021,12,258.692138671875,0.12836647033691406,0.0,-0.0023132599890232086
2022-01-01,2022,1,255.69998168945312,0.16684389114379883,0.0,-0.003738909959793091
2022-02-01,2022,2,255.79354858398438,0.07966804504394531,0.0,-0.0030087679624557495
2022-03-01,2022,3,258.30712890625,0.20598649978637695,0.0,-0.002340514212846756
2022-04-01,2022,4,264.465576171875,0.1292896270751953,0.0,-0.003145560622215271
2022-05-01,2022,5,265.35791015625,0.1345231533050537,0.0007686614990234375,-0.004668671637773514
2022-06-01,2022,6,269.7176513671875,0.050733089447021484,0.0008869171142578125,-0.012856274843215942
2022-07-01,2022,7,272.0103759765625,0.009105682373046875,0.0113525390625,-0.008142083883285522
2022-08-01,2022,8,269.5908203125,0.17825555801391602,0.010436058044433594,-0.00694047287106514
2022-09-01,2022,9,270.6915283203125,0.0684356689453125,0.011200904846191406,-0.009965412318706512
2022-10-01,2022,10,265.499267578125,0.18996286392211914,0.0,-0.003811318427324295
2022-11-01,2022,11,264.174072265625,0.17865657806396484,0.0,-0.001400001347064972
2022-12-01,2022,12,254.38973999023438,0.0383148193359375,0.0,-0.003359545022249222
2023-01-01,2023,1,251.78025817871094,0.08768653869628906,0.0,-0.0024357885122299194
2023-02-01,2023,2,256.9502258300781,0.31844520568847656,0.0,-0.0006598532199859619
2023-03-01,2023,3,255.45941162109375,0.03340721130371094,0.0,-0.0015639998018741608
2023-04-01,2023,4,264.475830078125,0.1245260238647461,0.0,-0.0035504624247550964
2023-05-01,2023,5,265.645263671875,0.0931706428527832,0.0,-0.010732389986515045
2023-06-01,2023,6,270.537841796875,0.10946273803710938,0.05593299865722656,-0.010811202228069305
2023-07-01,2023,7,274.22119140625,0.023399829864501953,0.06732439994812012,-0.006715279072523117
2023-08-01,2023,8,270.9014892578125,0.04100513458251953,0.007450103759765625,-0.009091362357139587
2023-09-01,2023,9,265.36962890625,0.08450031280517578,0.0033330917358398438,-0.006194561719894409
2023-10-01,2023,10,262.75,0.2577972412109375,0.0,-0.0037752874195575714
2023-11-01,2023,11,260.85107421875,0.18715381622314453,0.0,-0.002921484410762787
2023-12-01,2023,12,253.7783203125,0.024419784545898438,0.0,-0.002448607236146927
2024-01-01,2024,1,257.73712158203125,0.2980337142944336,0.0,-0.0006569884717464447
2024-02-01,2024,2,256.3087158203125,0.10772228240966797,0.0,-0.002530466765165329
2024-03-01,2024,3,259.02783203125,0.18384313583374023,0.0,-0.0006431303918361664
2024-04-01,2024,4,261.12939453125,0.0746297836303711,0.0,-0.0036850199103355408
2024-05-01,2024,5,264.699951171875,0.10946774482727051,0.0,-0.00889180600643158
2024-06-01,2024,6,271.5438232421875,0.13289451599121094,0.047149658203125,-0.009243115782737732
2024-07-01,2024,7,272.7421875,0.1792311668395996,0.05467844009399414,-0.005656059831380844
2024-08-01,2024,8,271.0928955078125,0.07439017295837402,0.013776779174804688,-0.004902757704257965
2024-09-01,2024,9,267.03466796875,0.03989696502685547,0.0,-0.008218623697757721
2024-10-01,2024,10,259.008544921875,0.018743515014648438,0.0,-0.006599795073270798
2024-11-01,2024,11,258.20257568359375,0.15965938568115234,0.0,-0.005545914173126221
2024-12-01,2024,12,252.93408203125,0.09377670288085938,0.0,-0.002003416419029236
