depth_m,year_CE,age_yrBP
1.51,1989.0,-39.0
2.04,1988.0,-38.0
2.82,1987.0,-37.0
3.32,1986.0,-36.0
3.99,1985.0,-35.0
4.71,1984.0,-34.0
5.18,1983.0,-33.0
5.52,1982.0,-32.0
6.04,1981.0,-31.0
6.63,1980.0,-30.0
7.01,1979.0,-29.0
7.62,1978.0,-28.0
8.22,1977.0,-27.0
8.75,1976.0,-26.0
9.23,1975.0,-25.0
9.5,1974.0,-24.0
9.91,1973.0,-23.0
10.43,1972.0,-22.0
10.83,1971.0,-21.0
11.28,1970.0,-20.0
11.72,1969.0,-19.0
12.14,1968.0,-18.0
12.57,1967.0,-17.0
12.86,1966.0,-16.0
13.29,1965.0,-15.0
13.74,1964.0,-14.0
14.18,1963.0,-13.0
14.62,1962.0,-12.0
14.93,1961.0,-11.0
15.42,1960.0,-10.0
15.84,1959.0,-9.0
16.26,1958.0,-8.0
16.69,1957.0,-7.0
17.05,1956.0,-6.0
17.55,1955.0,-5.0
18.03,1954.0,-4.0
18.47,1953.0,-3.0
18.91,1952.0,-2.0
19.19,1951.0,-1.0
19.51,1950.0,0.0
19.86,1949.0,1.0
20.42,1948.0,2.0
20.79,1947.0,3.0
21.1,1946.0,4.0
21.59,1945.0,5.0
21.98,1944.0,6.0
22.42,1943.0,7.0
22.94,1942.0,8.0
23.29,1941.0,9.0
23.66,1940.0,10.0
24.09,1939.0,11.0
24.42,1938.0,12.0
24.68,1937.0,13.0
25.04,1936.0,14.0
25.46,1935.0,15.0
25.92,1934.0,16.0
26.25,1933.0,17.0
26.52,1932.0,18.0
27.03,1931.0,19.0
27.42,1930.0,20.0
27.8,1929.0,21.0
28.17,1928.0,22.0
28.42,1927.0,23.0
28.83,1926.0,24.0
29.05,1925.0,25.0
29.41,1924.0,26.0
29.66,1923.0,27.0
30.01,1922.0,28.0
30.45,1921.0,29.0
30.66,1920.0,30.0
30.9,1919.0,31.0
31.29,1918.0,32.0
31.71,1917.0,33.0
32.04,1916.0,34.0
32.52,1915.0,35.0
32.82,1914.0,36.0
33.21,1913.0,37.0
33.54,1912.0,38.0
33.9,1911.0,39.0
34.27,1910.0,40.0
34.64,1909.0,41.0
34.92,1908.0,42.0
35.35,1907.0,43.0
35.51,1906.0,44.0
35.74,1905.0,45.0
36.12,1904.0,46.0
36.35,1903.0,47.0
36.53,1902.0,48.0
36.85,1901.0,49.0
37.3,1900.0,50.0
37.58,1899.0,51.0
37.88,1898.0,52.0
38.15,1897.0,53.0
38.62,1896.0,54.0
38.83,1895.0,55.0
39.15,1894.0,56.0
39.54,1893.0,57.0
39.9,1892.0,58.0
40.22,1891.0,59.0
40.53,1890.0,60.0
40.96,1889.0,61.0
41.32,1888.0,62.0
41.67,1887.0,63.0
41.96,1886.0,64.0
42.38,1885.0,65.0
42.69,1884.0,66.0
42.95,1883.0,67.0
43.19,1882.0,68.0
43.49,1881.0,69.0
43.87,1880.0,70.0
44.28,1879.0,71.0
44.69,1878.0,72.0
44.92,1877.0,73.0
45.2,1876.0,74.0
45.53,1875.0,75.0
45.88,1874.0,76.0
46.26,1873.0,77.0
46.56,1872.0,78.0
46.87,1871.0,79.0
47.21,1870.0,80.0
47.43,1869.0,81.0
47.72,1868.0,82.0
47.97,1867.0,83.0
48.26,1866.0,84.0
48.54,1865.0,85.0
48.88,1864.0,86.0
49.19,1863.0,87.0
49.42,1862.0,88.0
49.77,1861.0,89.0
50.13,1860.0,90.0
50.46,1859.0,91.0
50.72,1858.0,92.0
50.93,1857.0,93.0
51.37,1856.0,94.0
51.7,1855.0,95.0
52.06,1854.0,96.0
52.31,1853.0,97.0
52.65,1852.0,98.0
52.95,1851.0,99.0
53.25,1850.0,100.0
53.53,1849.0,101.0
53.89,1848.0,102.0
54.16,1847.0,103.0
54.42,1846.0,104.0
54.6,1845.0,105.0
54.91,1844.0,106.0
55.2,1843.0,107.0
55.45,1842.0,108.0
55.64,1841.0,109.0
56.03,1840.0,110.0
56.24,1839.0,111.0
56.63,1838.0,112.0
56.94,1837.0,113.0
57.16,1836.0,114.0
57.42,1835.0,115.0
57.7,1834.0,116.0
58.06,1833.0,117.0
58.4,1832.0,118.0
58.78,1831.0,119.0
59.23,1830.0,120.0
59.58,1829.0,121.0
59.94,1828.0,122.0
60.16,1827.0,123.0
60.51,1826.0,124.0
60.78,1825.0,125.0
61.01,1824.0,126.0
61.31,1823.0,127.0
61.56,1822.0,128.0
61.85,1821.0,129.0
62.18,1820.0,130.0
62.42,1819.0,131.0
62.68,1818.0,132.0
62.86,1817.0,133.0
63.13,1816.0,134.0
63.33,1815.0,135.0
63.61,1814.0,136.0
63.83,1813.0,137.0
64.13,1812.0,138.0
64.47,1811.0,139.0
64.79,1810.0,140.0
65.17,1809.0,141.0
65.44,1808.0,142.0
65.7,1807.0,143.0
65.99,1806.0,144.0
66.17,1805.0,145.0
66.59,1804.0,146.0
66.91,1803.0,147.0
67.14,1802.0,148.0
67.37,1801.0,149.0
67.63,1800.0,150.0
67.82,1799.0,151.0
68.24,1798.0,152.0
68.53,1797.0,153.0
68.84,1796.0,154.0
69.18,1795.0,155.0
69.37,1794.0,156.0
69.67,1793.0,157.0
69.92,1792.0,158.0
70.15,1791.0,159.0
70.4,1790.0,160.0
70.66,1789.0,161.0
70.91,1788.0,162.0
71.15,1787.0,163.0
71.46,1786.0,164.0
71.95,1785.0,165.0
72.19,1784.0,166.0
72.43,1783.0,167.0
72.63,1782.0,168.0
72.9,1781.0,169.0
73.14,1780.0,170.0
73.43,1779.0,171.0
73.63,1778.0,172.0
73.91,1777.0,173.0
74.12,1776.0,174.0
74.39,1775.0,175.0
74.73,1774.0,176.0
75.03,1773.0,177.0
75.27,1772.0,178.0
75.47,1771.0,179.0
75.74,1770.0,180.0
76.05,1769.0,181.0
76.28,1768.0,182.0
76.47,1767.0,183.0
76.65,1766.0,184.0
76.89,1765.0,185.0
77.22,1764.0,186.0
77.49,1763.0,187.0
77.76,1762.0,188.0
77.94,1761.0,189.0
78.2,1760.0,190.0
78.64,1759.0,191.0
78.82,1758.0,192.0
79.12,1757.0,193.0
79.35,1756.0,194.0
79.69,1755.0,195.0
79.95,1754.0,196.0
80.14,1753.0,197.0
80.43,1752.0,198.0
80.74,1751.0,199.0
81.15,1750.0,200.0
81.39,1749.0,201.0
81.76,1748.0,202.0
81.95,1747.0,203.0
82.13,1746.0,204.0
82.4,1745.0,205.0
82.62,1744.0,206.0
82.92,1743.0,207.0
83.12,1742.0,208.0
83.37,1741.0,209.0
83.54,1740.0,210.0
83.84,1739.0,211.0
84.07,1738.0,212.0
84.29,1737.0,213.0
84.66,1736.0,214.0
84.93,1735.0,215.0
85.19,1734.0,216.0
85.44,1733.0,217.0
85.74,1732.0,218.0
86.05,1731.0,219.0
86.36,1730.0,220.0
86.6,1729.0,221.0
86.93,1728.0,222.0
87.12,1727.0,223.0
87.38,1726.0,224.0
87.57,1725.0,225.0
87.93,1724.0,226.0
88.24,1723.0,227.0
88.49,1722.0,228.0
88.75,1721.0,229.0
89.04,1720.0,230.0
89.23,1719.0,231.0
89.48,1718.0,232.0
89.81,1717.0,233.0
89.97,1716.0,234.0
90.16,1715.0,235.0
90.33,1714.0,236.0
90.73,1713.0,237.0
91.0,1712.0,238.0
91.21,1711.0,239.0
91.49,1710.0,240.0
91.76,1709.0,241.0
91.94,1708.0,242.0
92.17,1707.0,243.0
92.3,1706.0,244.0
92.61,1705.0,245.0
92.95,1704.0,246.0
93.13,1703.0,247.0
93.29,1702.0,248.0
93.51,1701.0,249.0
93.85,1700.0,250.0
94.16,1699.0,251.0
94.43,1698.0,252.0
94.79,1697.0,253.0
95.11,1696.0,254.0
95.31,1695.0,255.0
95.53,1694.0,256.0
95.82,1693.0,257.0
96.05,1692.0,258.0
96.39,1691.0,259.0
96.63,1690.0,260.0
96.94,1689.0,261.0
97.19,1688.0,262.0
97.46,1687.0,263.0
97.65,1686.0,264.0
97.97,1685.0,265.0
98.29,1684.0,266.0
98.49,1683.0,267.0
98.79,1682.0,268.0
99.05,1681.0,269.0
99.33,1680.0,270.0
99.62,1679.0,271.0
99.95,1678.0,272.0
100.25,1677.0,273.0
100.43,1676.0,274.0
100.7,1675.0,275.0
101.0,1674.0,276.0
101.23,1673.0,277.0
101.42,1672.0,278.0
101.69,1671.0,279.0
101.92,1670.0,280.0
102.2,1669.0,281.0
102.58,1668.0,282.0
102.81,1667.0,283.0
102.96,1666.0,284.0
103.16,1665.0,285.0
103.35,1664.0,286.0
103.58,1663.0,287.0
103.84,1662.0,288.0
104.04,1661.0,289.0
104.27,1660.0,290.0
104.54,1659.0,291.0
104.89,1658.0,292.0
105.16,1657.0,293.0
105.4,1656.0,294.0
105.67,1655.0,295.0
105.94,1654.0,296.0
106.15,1653.0,297.0
106.4,1652.0,298.0
106.66,1651.0,299.0
106.88,1650.0,300.0
107.14,1649.0,301.0
107.4,1648.0,302.0
107.7,1647.0,303.0
108.01,1646.0,304.0
108.17,1645.0,305.0
108.49,1644.0,306.0
108.74,1643.0,307.0
108.92,1642.0,308.0
109.15,1641.0,309.0
109.39,1640.0,310.0
109.69,1639.0,311.0
109.9,1638.0,312.0
110.28,1637.0,313.0
110.61,1636.0,314.0
110.84,1635.0,315.0
111.09,1634.0,316.0
111.3,1633.0,317.0
111.57,1632.0,318.0
111.91,1631.0,319.0
112.21,1630.0,320.0
112.47,1629.0,321.0
112.69,1628.0,322.0
112.92,1627.0,323.0
113.09,1626.0,324.0
113.27,1625.0,325.0
113.63,1624.0,326.0
113.87,1623.0,327.0
114.1,1622.0,328.0
114.38,1621.0,329.0
114.64,1620.0,330.0
114.94,1619.0,331.0
115.18,1618.0,332.0
115.47,1617.0,333.0
115.7,1616.0,334.0
115.98,1615.0,335.0
116.29,1614.0,336.0
116.53,1613.0,337.0
116.74,1612.0,338.0
116.99,1611.0,339.0
117.22,1610.0,340.0
117.4,1609.0,341.0
117.59,1608.0,342.0
117.84,1607.0,343.0
117.99,1606.0,344.0
118.29,1605.0,345.0
118.56,1604.0,346.0
118.89,1603.0,347.0
119.09,1602.0,348.0
119.29,1601.0,349.0
119.54,1600.0,350.0
119.79,1599.0,351.0
120.09,1598.0,352.0
120.29,1597.0,353.0
120.55,1596.0,354.0
120.76,1595.0,355.0
120.98,1594.0,356.0
121.09,1593.0,357.0
121.39,1592.0,358.0
121.62,1591.0,359.0
121.91,1590.0,360.0
122.29,1589.0,361.0
122.57,1588.0,362.0
122.8,1587.0,363.0
123.03,1586.0,364.0
123.31,1585.0,365.0
123.49,1584.0,366.0
123.81,1583.0,367.0
124.03,1582.0,368.0
124.24,1581.0,369.0
124.46,1580.0,370.0
124.79,1579.0,371.0
125.12,1578.0,372.0
125.26,1577.0,373.0
125.5,1576.0,374.0
125.79,1575.0,375.0
126.04,1574.0,376.0
126.22,1573.0,377.0
126.46,1572.0,378.0
126.68,1571.0,379.0
126.94,1570.0,380.0
127.15,1569.0,381.0
127.45,1568.0,382.0
127.64,1567.0,383.0
127.89,1566.0,384.0
128.08,1565.0,385.0
128.29,1564.0,386.0
128.56,1563.0,387.0
128.69,1562.0,388.0
128.96,1561.0,389.0
129.1,1560.0,390.0
129.27,1559.0,391.0
129.47,1558.0,392.0
129.7,1557.0,393.0
129.95,1556.0,394.0
130.23,1555.0,395.0
130.47,1554.0,396.0
130.71,1553.0,397.0
130.88,1552.0,398.0
131.23,1551.0,399.0
131.45,1550.0,400.0
131.71,1549.0,401.0
131.95,1548.0,402.0
132.19,1547.0,403.0
132.42,1546.0,404.0
132.61,1545.0,405.0
132.94,1544.0,406.0
133.19,1543.0,407.0
133.47,1542.0,408.0
133.79,1541.0,409.0
133.98,1540.0,410.0
134.24,1539.0,411.0
134.42,1538.0,412.0
134.73,1537.0,413.0
134.94,1536.0,414.0
135.16,1535.0,415.0
135.44,1534.0,416.0
135.7,1533.0,417.0
135.94,1532.0,418.0
136.25,1531.0,419.0
136.44,1530.0,420.0
136.72,1529.0,421.0
136.9,1528.0,422.0
137.15,1527.0,423.0
137.4,1526.0,424.0
137.65,1525.0,425.0
137.95,1524.0,426.0
138.19,1523.0,427.0
138.39,1522.0,428.0
138.54,1521.0,429.0
138.73,1520.0,430.0
138.89,1519.0,431.0
139.16,1518.0,432.0
139.39,1517.0,433.0
139.55,1516.0,434.0
139.73,1515.0,435.0
139.97,1514.0,436.0
140.22,1513.0,437.0
140.57,1512.0,438.0
140.82,1511.0,439.0
141.07,1510.0,440.0
141.26,1509.0,441.0
141.53,1508.0,442.0
141.75,1507.0,443.0
141.92,1506.0,444.0
142.24,1505.0,445.0
142.43,1504.0,446.0
142.7,1503.0,447.0
143.07,1502.0,448.0
143.32,1501.0,449.0
143.51,1500.0,450.0
143.81,1499.0,451.0
144.06,1498.0,452.0
144.22,1497.0,453.0
144.55,1496.0,454.0
144.64,1495.0,455.0
144.79,1494.0,456.0
145.19,1493.0,457.0
145.45,1492.0,458.0
145.75,1491.0,459.0
145.97,1490.0,460.0
146.22,1489.0,461.0
146.39,1488.0,462.0
146.67,1487.0,463.0
146.89,1486.0,464.0
147.13,1485.0,465.0
147.23,1484.0,466.0
147.54,1483.0,467.0
147.73,1482.0,468.0
147.97,1481.0,469.0
148.38,1480.0,470.0
148.44,1479.0,471.0
148.66,1478.0,472.0
148.89,1477.0,473.0
149.08,1476.0,474.0
149.21,1475.0,475.0
149.4,1474.0,476.0
149.63,1473.0,477.0
149.91,1472.0,478.0
