year,accum_kgm2yr,accum_m_iceeq_yr
1939,258.9,0.2823336968375136
1938,227.6,0.24820065430752453
1937,248.9,0.2714285714285714
1936,158.9,0.1732824427480916
1935,233.8,0.2549618320610687
1934,249.0,0.27153762268266085
1933,268.3,0.2925845147219193
1932,264.3,0.28822246455834244
1931,261.2,0.2848418756815703
1930,196.5,0.21428571428571427
1929,213.7,0.23304252998909486
1928,256.3,0.2794983642311887
1927,226.9,0.2474372955288986
1926,216.8,0.23642311886586698
1925,191.5,0.2088331515812432
1924,198.6,0.21657579062159213
1923,153.0,0.1668484187568157
1922,247.3,0.2696837513631407
1921,218.0,0.23773173391494
1920,255.5,0.27862595419847325
1919,156.2,0.17033805888767717
1918,159.2,0.17360959651035984
1917,231.3,0.25223555070883313
1916,262.8,0.28658669574700113
1915,271.9,0.29651035986913843
1914,182.7,0.19923664122137405
1913,246.6,0.26892039258451467
1912,212.2,0.23140676117775352
1911,237.6,0.25910577971646676
1910,318.9,0.3477644492911668
1909,178.8,0.19498364231188658
1908,227.5,0.2480916030534351
1907,198.1,0.21603053435114503
1906,200.2,0.21832061068702288
1905,258.2,0.28157033805888765
1904,210.4,0.22944383860414394
1903,146.4,0.15965103598691385
1902,286.8,0.31275899672846236
1901,217.7,0.2374045801526717
1900,280.7,0.3061068702290076
1899,189.2,0.20632497273718645
1898,267.6,0.29182115594329333
1897,220.8,0.24078516902944386
1896,225.0,0.24536532170119957
1895,267.8,0.2920392584514722
1894,249.5,0.27208287895310795
1893,233.2,0.25430752453653216
1892,189.4,0.20654307524536533
1891,256.7,0.27993456924754634
1890,240.4,0.26215921483097054
1889,192.6,0.2100327153762268
1888,297.6,0.32453653217011996
1887,317.1,0.34580152671755726
1886,190.7,0.20796074154852778
1885,346.7,0.3780806979280262
1884,152.0,0.16575790621592146
1883,202.0,0.2202835332606325
1882,247.9,0.2703380588876772
1881,246.9,0.269247546346783
1880,174.5,0.1902944383860414
1879,224.5,0.24482006543075244
1878,315.4,0.343947655398037
1877,188.9,0.2059978189749182
1876,240.0,0.26172300981461283
1875,218.6,0.23838604143947653
1874,215.6,0.23511450381679386
1873,196.2,0.213958560523446
1872,268.8,0.2931297709923664
1871,239.2,0.26085059978189745
1870,222.9,0.2430752453653217
1869,241.3,0.26314067611777536
1868,248.5,0.27099236641221375
1867,187.2,0.204143947655398
1866,192.3,0.20970556161395854
1865,192.3,0.20970556161395854
1864,230.2,0.2510359869138495
1863,262.0,0.2857142857142857
1862,248.7,0.2712104689203925
1861,219.1,0.23893129770992363
1860,248.8,0.271319520174482
1859,226.3,0.24678298800436205
1858,188.4,0.2054525627044711
1857,214.1,0.23347873500545255
1856,238.7,0.26030534351145035
1855,298.2,0.32519083969465645
1854,239.8,0.261504907306434
1853,222.4,0.24252998909487458
1852,207.1,0.22584514721919302
1851,230.7,0.2515812431842966
1850,244.1,0.26619411123227915
1849,224.6,0.24492911668484185
1848,288.2,0.3142857142857143
1847,214.4,0.23380588876772082
1846,233.9,0.2550708833151581
1845,148.8,0.16226826608505998
1844,241.2,0.2630316248636859
1843,207.3,0.22606324972737188
1842,193.0,0.2104689203925845
1841,155.0,0.16902944383860413
1840,172.5,0.18811341330425296
1839,232.1,0.2531079607415485
1838,269.2,0.2935659760087241
1837,257.9,0.2812431842966194
1836,217.9,0.2376226826608506
1835,188.1,0.20512540894220282
1834,243.7,0.2657579062159215
1833,203.6,0.22202835332606324
1832,256.1,0.27928026172300985
1831,237.6,0.25910577971646676
1830,256.2,0.2793893129770992
1829,183.2,0.19978189749182115
1828,253.2,0.27611777535441656
1827,286.2,0.31210468920392587
1826,228.6,0.24929116684841873
1825,202.9,0.22126499454743728
1824,205.0,0.22355507088331514
1823,217.4,0.2370774263904035
1822,225.7,0.2461286804798255
1821,218.5,0.23827699018538712
1820,214.4,0.23380588876772082
1819,254.6,0.2776444929116685
1818,209.3,0.22824427480916032
1817,209.3,0.22824427480916032
1816,182.5,0.1990185387131952
1815,241.3,0.26314067611777536
1814,152.7,0.16652126499454742
1813,261.0,0.2846237731733915
1812,209.5,0.22846237731733912
1811,250.8,0.27350054525627043
1810,194.1,0.21166848418756815
1809,215.8,0.23533260632497274
1808,273.6,0.2983642311886587
1807,254.0,0.27699018538713194
1806,211.7,0.23086150490730642
1805,268.6,0.29291166848418754
1804,198.4,0.2163576881134133
1803,253.2,0.27611777535441656
1802,222.2,0.24231188658669572
1801,256.4,0.279607415485278
1800,232.6,0.2536532170119956
1799,247.1,0.2694656488549618
1798,167.5,0.1826608505997819
1797,215.1,0.23456924754634675
1796,275.2,0.30010905125408943
1795,205.9,0.22453653217011996
1794,282.5,0.3080697928026172
1793,207.0,0.22573609596510358
1792,202.9,0.22126499454743728
1791,211.2,0.23031624863685932
1790,204.0,0.2224645583424209
1789,213.3,0.2326063249727372
1788,176.1,0.19203925845147218
1787,200.9,0.21908396946564884
1786,281.7,0.30719738276990183
1785,268.3,0.2925845147219193
1784,272.5,0.29716466739367503
1783,257.0,0.2802617230098146
1782,190.7,0.20796074154852778
1781,227.1,0.24765539803707742
1780,189.8,0.20697928026172302
1779,252.0,0.2748091603053435
1778,230.3,0.2511450381679389
1777,148.3,0.16172300981461288
1776,193.0,0.2104689203925845
1775,243.9,0.2659760087241003
1774,304.1,0.3316248636859324
1773,246.0,0.2682660850599782
1772,168.2,0.18342420937840784
1771,222.2,0.24231188658669572
1770,255.5,0.27862595419847325
1769,243.1,0.26510359869138495
1768,255.6,0.2787350054525627
1767,186.0,0.20283533260632497
1766,189.1,0.20621592148309703
1765,203.7,0.22213740458015266
1764,231.8,0.25278080697928024
1763,244.3,0.26641221374045804
1762,220.5,0.24045801526717556
1761,196.6,0.2143947655398037
1760,192.4,0.20981461286804798
1759,303.8,0.33129770992366414
1758,192.5,0.2099236641221374
1757,231.0,0.25190839694656486
1756,232.1,0.2531079607415485
1755,187.4,0.2043620501635769
1754,200.9,0.21908396946564884
1753,192.6,0.2100327153762268
1752,213.5,0.232824427480916
1751,125.0,0.13631406761177753
1750,239.5,0.2611777535441657
1749,259.4,0.2828789531079607
1748,256.3,0.2794983642311887
1747,267.8,0.2920392584514722
1746,195.9,0.21363140676117776
1745,261.6,0.28527808069792804
1744,151.2,0.1648854961832061
1743,211.6,0.23075245365321698
