depth_m,rho_kgm3
0.055,331.0
0.155,333.0
0.245,322.0
0.350,334.0
0.460,329.0
0.545,320.0
0.625,285.0
0.740,364.0
0.855,356.0
0.950,342.0
1.065,395.0
1.185,375.0
1.300,338.0
1.375,289.0
1.440,351.0
1.550,375.0
1.640,411.0
1.730,396.0
1.835,409.0
1.935,372.0
2.015,328.0
2.095,389.0
2.205,393.0
2.335,385.0
2.460,386.0
2.570,369.0
2.675,363.0
2.780,389.0
2.890,406.0
3.005,341.0
3.075,465.0
3.140,378.0
3.210,534.0
3.265,365.0
3.360,369.0
3.470,381.0
3.580,419.0
3.685,398.0
3.800,390.0
3.920,411.0
4.030,417.0
4.140,400.0
4.245,389.0
4.345,348.0
4.455,372.0
4.570,395.0
4.680,413.0
4.790,399.0
4.900,431.0
5.005,409.0
5.110,442.0
5.220,445.0
5.330,438.0
5.440,402.0
5.545,407.0
5.650,451.0
5.775,429.0
5.885,452.0
5.980,387.0
6.095,431.0
6.205,437.0
6.310,410.0
6.395,414.0
6.480,449.0
6.590,470.0
6.700,477.0
6.810,447.0
6.905,475.0
7.005,471.0
7.120,481.0
7.230,475.0
7.340,487.0
7.455,453.0
7.585,454.0
7.710,476.0
7.820,489.0
7.930,480.0
8.035,464.0
8.110,474.0
8.190,489.0
8.300,505.0
8.410,519.0
8.520,522.0
8.630,500.0
8.740,484.0
8.850,488.0
8.955,533.0
9.060,509.0
9.170,477.0
9.290,510.0
9.410,507.0
9.520,512.0
9.625,519.0
9.730,516.0
9.830,484.0
9.930,511.0
10.040,532.0
10.150,522.0
10.260,532.0
10.355,526.0
10.450,504.0
10.560,530.0
10.665,522.0
10.765,507.0
10.860,530.0
10.955,524.0
11.065,511.0
11.175,540.0
11.285,521.0
11.355,505.0
11.405,538.0
11.495,550.0
11.600,545.0
11.705,531.0
11.805,506.0
11.875,438.0
11.940,518.0
12.040,555.0
12.150,549.0
12.255,551.0
12.360,560.0
12.465,493.0
12.570,548.0
12.680,532.0
12.785,528.0
12.890,525.0
12.990,557.0
13.090,529.0
13.200,537.0
13.310,536.0
13.420,539.0
13.525,523.0
13.630,546.0
13.740,543.0
13.850,544.0
13.955,538.0
14.070,535.0
14.185,555.0
14.290,521.0
14.400,529.0
14.505,514.0
14.590,511.0
14.680,542.0
14.790,539.0
14.895,536.0
15.000,551.0
15.115,557.0
15.225,560.0
15.330,553.0
15.435,553.0
15.540,558.0
15.660,566.0
15.775,576.0
15.880,559.0
15.990,558.0
16.105,567.0
16.200,554.0
16.290,562.0
16.400,569.0
16.510,575.0
16.615,565.0
16.725,570.0
16.840,563.0
16.945,564.0
17.055,564.0
17.165,549.0
17.270,570.0
17.380,570.0
17.490,575.0
17.600,556.0
17.705,557.0
17.790,564.0
17.880,565.0
17.985,567.0
18.085,563.0
18.190,559.0
18.300,571.0
18.405,573.0
18.505,568.0
18.605,552.0
18.705,568.0
18.810,575.0
18.920,576.0
19.030,578.0
19.105,548.0
19.165,578.0
19.255,575.0
19.360,575.0
19.470,579.0
19.580,575.0
19.700,562.0
19.820,580.0
19.925,590.0
20.025,579.0
20.100,591.0
20.175,575.0
20.275,584.0
20.380,575.0
20.490,585.0
20.595,586.0
20.695,567.0
20.810,595.0
20.930,579.0
21.040,575.0
21.155,570.0
21.250,591.0
21.335,593.0
21.440,584.0
21.545,595.0
21.645,597.0
21.750,576.0
21.825,583.0
21.900,599.0
22.010,585.0
22.120,605.0
25.030,600.0
25.080,605.0
25.130,605.8
25.180,611.5
25.230,620.2
25.280,610.3
37.300,673.7
37.350,689.8
37.400,674.2
37.450,692.1
37.500,693.8
37.550,667.3
37.600,665.6
47.130,703.8
47.180,704.8
47.230,726.6
47.280,737.8
47.330,734.2
47.380,720.5
47.430,709.6
47.580,712.4
51.500,761.2
51.550,735.6
51.600,734.8
51.650,742.9
51.700,756.8
51.750,766.0
51.800,763.0
51.850,751.7
61.620,768.9
61.670,794.9
61.720,767.2
61.770,771.1
61.820,766.8
61.870,785.4
61.920,807.5
61.970,767.6
65.350,807.4
65.400,789.4
65.450,778.8
65.500,802.6
65.550,809.4
65.600,792.7
65.650,790.2
65.700,782.2
65.780,813.8
66.000,815.2
66.050,796.3
66.100,775.1
66.150,776.4
66.200,793.5
66.250,800.8
66.330,783.9
66.380,785.4
66.430,768.4
66.480,777.8
66.530,814.5
66.580,799.5
67.850,789.0
67.900,808.5
67.950,806.3
68.000,794.0
68.050,795.8
68.100,786.9
68.150,779.4
68.200,794.9
68.250,786.1
68.450,782.5
68.500,813.7
68.550,805.0
68.600,794.7
68.650,782.9
68.700,797.6
68.750,818.1
68.800,810.6
68.900,819.7
68.950,811.7
69.000,802.8
69.050,807.1
69.100,802.5
69.150,818.5
70.130,798.5
70.180,812.3
70.230,810.8
70.280,803.0
70.330,816.7
70.380,821.7
71.690,820.3
71.740,814.9
71.790,812.8
71.840,817.9
71.890,828.9
72.450,801.2
72.500,806.9
72.550,803.6
72.600,823.2
72.650,830.5
72.700,824.8
72.750,819.6
72.800,818.7
72.850,838.7
73.000,813.1
73.050,834.4
73.100,831.4
73.150,808.8
73.250,817.5
73.300,812.5
73.350,801.4
73.400,829.9
73.450,841.3
75.950,813.3
76.000,831.1
76.050,830.4
76.100,819.0
76.150,817.4
76.200,811.2
76.250,842.0
76.300,826.3
76.350,825.2
76.400,822.7
76.620,827.2
76.670,823.6
76.720,820.0
76.770,843.5
77.250,821.2
77.300,822.1
77.350,823.9
77.400,838.8
77.450,829.7
77.500,822.9
77.550,817.9
77.600,834.0
77.650,843.6
78.980,846.4
79.030,839.3
79.080,839.6
79.130,823.5
79.180,825.9
79.230,835.2
79.280,849.0
79.330,832.1
79.380,836.5
80.370,834.4
80.420,833.0
80.470,847.7
80.520,835.9
80.570,833.2
80.620,836.8
80.670,833.3
80.720,840.8
81.180,830.5
81.200,831.9
81.230,848.8
81.280,854.2
81.300,857.4
81.330,836.7
81.350,842.4
81.380,836.4
81.400,840.5
81.430,833.7
81.480,843.8
81.530,855.3
81.780,852.4
81.820,841.3
81.870,838.3
83.330,852.5
83.380,845.1
83.430,831.8
83.480,841.9
83.530,839.1
83.580,864.8
83.630,852.8
84.300,858.0
84.350,845.8
84.400,847.6
84.450,863.1
84.500,859.8
84.550,856.3
84.600,856.9
84.650,860.8
84.700,865.6
85.080,843.2
85.130,857.9
85.180,845.4
85.230,844.0
85.280,843.0
85.330,857.0
85.380,843.9
89.520,861.6
89.570,867.2
89.620,873.3
89.670,866.9
89.720,870.0
89.770,862.9
89.820,850.5
89.870,855.2
