depth,Density
0.7025,351.9560657
1.59,365.7193959
2.325,375.1174051
2.9225,386.749629
3.3775,405.5394009
3.94,415.6581279
4.685,423.5058356
5.225,448.7193685
5.985,447.1986068
7.05,450.7377866
8.05,468.2296474
8.97,476.0792983
9.935,477.0335235
10.91,491.5692853
11.865,489.9446873
12.875,493.7875673
13.925,502.2434793
14.98,513.5093397
15.995,501.0477732
17.005,527.2448888
18.015,520.7701902
19.03,533.2853377
20.04,539.1714292
21.03,547.5684966
22.045,549.6808416
23.06,553.4612996
24.07,562.4330412
25.085,562.8536336
26.095,569.9465046
27.105,569.7177023
28.12,579.7648146
29.13,580.6144114
30.155,585.3187499
31.2,588.8358937
32.24,590.7246126
33.27,586.8841268
34.295,600.6104542
35.32,603.4402438
36.335,606.2584882
37.35,603.6810287
38.365,615.3240357
39.375,613.7375649
40.4,618.4406914
41.425,624.0496252
42.44,624.6846806
43.41,625.7805891
44.44,623.1630561
45.51,634.7885436
46.52,627.5654568
47.54,632.7342945
48.56,637.163656
49.515,637.0234843
50.505,644.4294344
51.52,649.8156089
52.515,652.8435958
53.575,656.2637253
54.67,658.7330647
55.72,662.9398283
56.715,663.3780209
57.725,668.7458808
58.75,671.9669349
59.775,676.8844716
60.785,681.9358483
61.815,681.4397977
62.86,678.8348643
63.9,685.7027937
64.95,693.4078741
66.005,694.3969798
66.92,694.3512974
67.81,695.444352
68.835,704.9786784
69.885,709.6216686
70.94,703.2479982
71.985,715.6956098
73.015,717.1265607
74.045,711.6229033
75.075,726.0424857
76.11,718.8432785
77.155,727.3298174
78.2,722.9858391
79.24,730.071798
80.285,742.2305767
81.355,734.3393755
82.4,742.2683685
83.43,738.6510533
84.475,752.1298219
85.515,754.4319231
86.56,756.0173091
87.605,749.7889329
88.665,757.6015889
89.73,778.1185075
90.715,750.6444392
91.65,784.0613542
92.66,773.4123612
93.705,764.5680876
94.745,791.3598919
95.76,768.1757912
96.755,755.0282461
97.765,770.1321913
98.725,783.7245672
99.56,785.4540878
100.345,778.5667803
101.165,790.9290934
102.1,782.7635156
102.98,788.6513491
103.745,802.1184897
104.49,791.4456457
104.95,814.01462
105.3,792.5010191
105.925,806.9405275
106.66,804.3320281
107.41,815.4911633
108.105,799.7913424
108.69,812.9139242
109.325,801.4619081
