zeff,lnr,sig,zref,lnr_meas,op_bias
1.48,-0.09356784166915248,0.07502174247043743,1.23,-0.10259812862560584,0.00903028695645336
1.73,-0.18257010823923664,0.07508966215517698,1.23,-0.2009122472765857,0.018342139037349048
2.23,-0.37668095720783973,0.07545563756972891,1.23,-0.41807939952584366,0.041398442318003936
2.73,-0.5743400294982717,0.0758694026821232,1.23,-0.6316039499329927,0.05726392043472106
3.23,-0.768366106562467,0.07647470648444074,1.23,-0.8430957412265953,0.0747296346641283
4.23,-1.1806754696388329,0.07722019675152916,1.23,-1.272593746703962,0.09191827706512923
5.23,-1.574008212728646,0.07806988653301987,1.23,-1.682394925853295,0.10838671312464898
6.23,-1.9623702236758065,0.07861011260635688,1.23,-2.0801146294860304,0.11774440581022394
8.23,-2.638057037610686,0.08017226583204312,1.23,-2.7797073295838928,0.14165029197320678
10.23,-3.3095103844748253,0.08202962706113727,1.23,-3.4756323062513674,0.16612192177654217
12.23,-3.9369614300012508,0.08272892922154637,1.23,-4.111537755010087,0.1745763250088359
14.23,-4.57306405278798,0.08476841506857961,1.23,-4.770591531461138,0.197527478673158
